{"location": [[-0.5017088055610657, -0.5017088055610657, -0.5017088055610657, -0.5017088055610657, -0.5017088055610657, -0.5017088055610657, -0.5017088055610657, -0.5017088055610657], [-0.5017088055610657, -0.5017088055610657, -0.5017088055610657, -0.5017088055610657, -0.5017088055610657, -0.5017088055610657, -0.5017088055610657, -0.5017088055610657]], "mask": [[0.45516541600227356, 0.45516541600227356, 0.45516541600227356, 0.45516541600227356, 0.45516541600227356, 0.45516541600227356, 0.45516541600227356, 0.45516541600227356], [0.45516541600227356, 0.45516541600227356, 0.45516541600227356, 0.45516541600227356, 0.45516541600227356, 0.45516541600227356, 0.45516541600227356, 0.45516541600227356]]}